,Hidden Layer Size,Max Iteration,N_Estimator,Accuracy,Recall,Precision,F1-Score
0,9,500,8,0.8860759493670886,0.92,0.9019607843137255,0.9108910891089109
