,Hidden Layer Size,Max Iteration,N_Estimator,Accuracy,Recall,Precision,F1-Score
0,25,250,8,0.8860759493670886,0.94,0.8867924528301887,0.912621359223301
