,Hidden Layer Size,Max Iteration,N_Estimator,Accuracy,Recall,Precision,F1-Score
0,9,250,8,0.9367088607594937,0.96,0.9411764705882353,0.9504950495049505
