,Fold,Hidden Layer Size,Max Iteration,N_Estimator,Accuracy,Recall,Precision,F1-Score
0,0,25,50,11,0.9230769230769231,1.0,0.8888888888888888,0.9411764705882353
1,1,25,50,11,1.0,1.0,1.0,1.0
2,2,25,50,11,1.0,1.0,1.0,1.0
3,3,25,50,11,1.0,1.0,1.0,1.0
4,4,25,50,11,1.0,1.0,1.0,1.0
5,5,25,50,11,1.0,1.0,1.0,1.0
6,6,25,50,11,1.0,1.0,1.0,1.0
7,7,25,50,11,1.0,1.0,1.0,1.0
8,8,25,50,11,1.0,1.0,1.0,1.0
9,9,25,50,11,1.0,0.0,0.0,0.0
