,Hidden Layer Size,Max Iteration,N_Estimator,Accuracy,Recall,Precision,F1-Score
0,25,500,10,0.8481012658227848,0.94,0.8392857142857143,0.8867924528301887
