,Fold,Hidden Layer Size,Max Iteration,N_Estimator,Accuracy,Recall,Precision,F1-Score
0,0,9,250,11,1.0,1.0,1.0,1.0
1,1,9,250,11,0.9743589743589743,0.9565217391304348,1.0,0.9777777777777777
2,2,9,250,11,1.0,1.0,1.0,1.0
3,3,9,250,11,1.0,1.0,1.0,1.0
4,4,9,250,11,1.0,1.0,1.0,1.0
5,5,9,250,11,1.0,1.0,1.0,1.0
6,6,9,250,11,1.0,1.0,1.0,1.0
7,7,9,250,11,1.0,1.0,1.0,1.0
8,8,9,250,11,1.0,1.0,1.0,1.0
9,9,9,250,11,1.0,0.0,0.0,0.0
