,Hidden Layer Size,Max Iteration,N_Estimator,Accuracy,Recall,Precision,F1-Score
0,25,500,11,0.8227848101265823,0.88,0.8461538461538461,0.8627450980392157
