,Hidden Layer Size,Max Iteration,N_Estimator,Accuracy,Recall,Precision,F1-Score
0,25,500,10,0.8354430379746836,0.84,0.8936170212765957,0.865979381443299
