,Fold,Hidden Layer Size,Max Iteration,N_Estimator,Accuracy,Recall,Precision,F1-Score
0,0,25,50,8,1.0,1.0,1.0,1.0
1,1,25,50,8,0.8974358974358975,0.8695652173913043,0.9523809523809523,0.9090909090909091
2,2,25,50,8,1.0,1.0,1.0,1.0
3,3,25,50,8,0.9743589743589743,1.0,0.95,0.9743589743589743
4,4,25,50,8,1.0,1.0,1.0,1.0
5,5,25,50,8,1.0,1.0,1.0,1.0
6,6,25,50,8,1.0,1.0,1.0,1.0
7,7,25,50,8,1.0,1.0,1.0,1.0
8,8,25,50,8,1.0,1.0,1.0,1.0
9,9,25,50,8,1.0,0.0,0.0,0.0
