,Hidden Layer Size,Max Iteration,N_Estimator,Accuracy,Recall,Precision,F1-Score
0,25,500,11,0.9113924050632911,0.92,0.9387755102040817,0.9292929292929293
