,Hidden Layer Size,Max Iteration,N_Estimator,Accuracy,Recall,Precision,F1-Score
0,25,50,11,0.8734177215189873,0.96,0.8571428571428571,0.9056603773584906
