,Hidden Layer Size,Max Iteration,N_Estimator,Accuracy,Recall,Precision,F1-Score
0,9,500,10,0.9113924050632911,0.94,0.9215686274509803,0.9306930693069307
