,Hidden Layer Size,Max Iteration,N_Estimator,Accuracy,Recall,Precision,F1-Score
0,9,50,11,0.8607594936708861,0.92,0.8679245283018868,0.8932038834951457
