,Hidden Layer Size,Max Iteration,N_Estimator,Accuracy,Recall,Precision,F1-Score
0,9,500,10,0.8734177215189873,0.92,0.8846153846153846,0.9019607843137255
