,Fold,Hidden Layer Size,Max Iteration,N_Estimator,Accuracy,Recall,Precision,F1-Score
0,0,25,500,10,0.9487179487179487,1.0,0.9230769230769231,0.96
1,1,25,500,10,0.9743589743589743,0.9565217391304348,1.0,0.9777777777777777
2,2,25,500,10,1.0,1.0,1.0,1.0
3,3,25,500,10,1.0,1.0,1.0,1.0
4,4,25,500,10,1.0,1.0,1.0,1.0
5,5,25,500,10,1.0,1.0,1.0,1.0
6,6,25,500,10,1.0,1.0,1.0,1.0
7,7,25,500,10,1.0,1.0,1.0,1.0
8,8,25,500,10,1.0,1.0,1.0,1.0
9,9,25,500,10,1.0,0.0,0.0,0.0
