,Hidden Layer Size,Max Iteration,N_Estimator,Accuracy,Recall,Precision,F1-Score
0,9,250,8,0.9113924050632911,0.96,0.9056603773584906,0.9320388349514563
