,Hidden Layer Size,Max Iteration,N_Estimator,Accuracy,Recall,Precision,F1-Score
0,25,50,10,0.8481012658227848,0.9,0.8653846153846154,0.8823529411764706
