,Hidden Layer Size,Max Iteration,N_Estimator,Accuracy,Recall,Precision,F1-Score
0,25,50,11,0.8987341772151899,0.96,0.8888888888888888,0.9230769230769231
