,Hidden Layer Size,Max Iteration,N_Estimator,Accuracy,Recall,Precision,F1-Score
0,9,50,10,0.8354430379746836,0.9,0.8490566037735849,0.8737864077669902
