,Hidden Layer Size,Max Iteration,N_Estimator,Accuracy,Recall,Precision,F1-Score
0,25,500,8,0.8481012658227848,0.92,0.8518518518518519,0.8846153846153846
