,Hidden Layer Size,Max Iteration,N_Estimator,Accuracy,Recall,Precision,F1-Score
0,9,250,10,0.8607594936708861,0.88,0.8979591836734694,0.8888888888888888
