,Hidden Layer Size,Max Iteration,N_Estimator,Accuracy,Recall,Precision,F1-Score
0,9,250,10,0.8860759493670886,0.94,0.8867924528301887,0.912621359223301
