,Hidden Layer Size,Max Iteration,N_Estimator,Accuracy,Recall,Precision,F1-Score
0,25,250,10,0.8607594936708861,0.9,0.8823529411764706,0.8910891089108911
