,Fold,Hidden Layer Size,Max Iteration,N_Estimator,Accuracy,Recall,Precision,F1-Score
0,0,25,250,8,1.0,1.0,1.0,1.0
1,1,25,250,8,0.9230769230769231,0.9130434782608695,0.9545454545454546,0.9333333333333333
2,2,25,250,8,1.0,1.0,1.0,1.0
3,3,25,250,8,1.0,1.0,1.0,1.0
4,4,25,250,8,1.0,1.0,1.0,1.0
5,5,25,250,8,1.0,1.0,1.0,1.0
6,6,25,250,8,1.0,1.0,1.0,1.0
7,7,25,250,8,1.0,1.0,1.0,1.0
8,8,25,250,8,1.0,1.0,1.0,1.0
9,9,25,250,8,1.0,0.0,0.0,0.0
