,Hidden Layer Size,Max Iteration,N_Estimator,Accuracy,Recall,Precision,F1-Score
0,25,250,10,0.8354430379746836,0.86,0.8775510204081632,0.8686868686868687
