,Hidden Layer Size,Max Iteration,N_Estimator,Accuracy,Recall,Precision,F1-Score
0,9,250,10,0.8481012658227848,0.86,0.8958333333333334,0.8775510204081632
