,Hidden Layer Size,Max Iteration,N_Estimator,Accuracy,Recall,Precision,F1-Score
0,25,50,10,0.8734177215189873,0.94,0.8703703703703703,0.9038461538461539
