,Hidden Layer Size,Max Iteration,N_Estimator,Accuracy,Recall,Precision,F1-Score
0,9,50,11,0.8227848101265823,0.9,0.8333333333333334,0.8653846153846154
