,Hidden Layer Size,Max Iteration,N_Estimator,Accuracy,Recall,Precision,F1-Score
0,25,50,8,0.8860759493670886,0.9,0.9183673469387755,0.9090909090909091
